Clone,Type,Rep,Date,epp0,epp1,epp2,TotalEpp,TotalEmb,TotalEmbCorr,LowNumbers,Priorto1LiterStart,Dayssince1stDate,Notes
AxB_R1_136_A,AxCF1,1,2/19/20,8,0,0,8,0,0,,,91,
AxB_R1_136_A,AxCF1,1,3/11/20,1,0,14,15,28,28,,,112,
AxB_R1_136_A,AxCF1,1,3/17/20,4,3,11,18,25,25,,,118,
AxB_R1_136_A,AxCF1,1,4/2/20,5,1,3,9,7,7,,,134,
AxB_R1_136_A,AxCF1,1,4/16/20,3,2,2,7,6,6,,,148,
AxB_R1_136_A,AxCF1,1,4/30/20,1,0,3,4,6,6,,,162,
AxB_R1_136_A,AxCF1,1,5/14/20,6,0,0,6,0,0,,,176,
AxB_R1_136_A,AxCF1,1,5/28/20,12,0,0,12,0,0,,,190,
AxB_R1_136_A,AxCF1,2,3/11/20,3,0,0,3,0,0,,,112,
AxB_R1_136_A,AxCF1,2,3/26/20,0,1,12,13,25,25,,,127,
AxB_R1_136_A,AxCF1,2,4/9/20,0,0,4,4,8,8,,,141,
AxB_R1_136_A,AxCF1,2,4/23/20,0,0,1,1,2,2,,,155,
AxB_R1_136_A,AxCF1,2,5/7/20,1,0,0,1,0,0,,,169,
AxB_R1_136_A,AxCF1,2,5/21/20,8,0,0,8,0,0,,,183,
AxB_R1_136_A,AxCF1,2,6/4/20,1,0,0,1,0,0,,,197,
AxB_R1_188_A,selfedC,1,2/19/20,6,0,0,6,0,0,,,91,
AxB_R1_188_A,selfedC,1,3/11/20,0,0,2,2,4,4,,,112,
AxB_R1_188_A,selfedC,1,3/17/20,0,0,0,0,0,0,,,118,
AxB_R1_188_A,selfedC,1,4/2/20,0,0,0,0,0,0,,,134,
AxB_R1_188_A,selfedC,1,4/16/20,0,0,0,0,0,0,,,148,
AxB_R1_188_A,selfedC,1,4/30/20,0,0,0,0,0,0,,,162,
AxB_R1_188_A,selfedC,1,5/14/20,0,0,1,1,2,2,,,176,
AxB_R1_188_A,selfedC,1,5/28/20,0,0,0,0,0,0,1,,190,very low numbers
AxB_R1_188_A,selfedC,2,3/11/20,0,0,0,0,0,0,,,112,
AxB_R1_188_A,selfedC,2,3/26/20,0,0,0,0,0,0,,,127,
AxB_R1_188_A,selfedC,2,4/9/20,0,0,0,0,0,0,,,141,
AxB_R1_188_A,selfedC,2,4/23/20,0,0,0,0,0,0,,,155,
AxB_R1_188_A,selfedC,2,5/7/20,0,0,0,0,0,0,,,169,
AxB_R1_188_A,selfedC,2,5/21/20,0,0,2,2,4,4,,,183,
AxB_R1_P110_A,selfedA,1,2/28/20,3,0,0,3,0,0,,,100,
AxB_R1_P110_A,selfedA,1,3/11/20,0,0,0,0,0,0,,,112,
AxB_R1_P110_A,selfedA,1,3/26/20,20,0,0,20,0,0,,,127,
AxB_R1_P110_A,selfedA,1,4/9/20,0,0,0,0,0,0,,,141,
AxB_R1_P110_A,selfedA,1,4/23/20,0,0,0,0,0,0,,,155,
AxB_R1_P110_A,selfedA,1,5/7/20,0,0,0,1,0,0,,,169,"1 ephippia, but was lost"
AxB_R1_P110_A,selfedA,1,5/21/20,0,0,0,0,0,0,1,,183,numbers a bit low
AxB_R1_P110_A,selfedA,1,6/4/20,1,0,0,1,0,0,,,197,
AxB_R1_P110_A,selfedA,2,4/9/20,0,0,0,0,0,0,,,141,
AxB_R1_P110_A,selfedA,2,4/23/20,1,0,0,1,0,0,,,155,
AxB_R1_P110_A,selfedA,2,5/7/20,0,0,0,0,0,0,,,169,
AxB_R1_P110_A,selfedA,2,5/21/20,0,0,0,0,0,0,1,,183,"low numbers, struggling"
AxB_R1_P110_A,selfedA,2,6/4/20,0,0,0,0,0,0,,,197,
AxB_R1_P50_A,AxCF1,1,3/11/20,0,0,1,1,2,2,,,112,
AxB_R1_P50_A,AxCF1,1,3/17/20,0,0,0,0,0,0,,,118,
AxB_R1_P50_A,AxCF1,1,4/2/20,0,0,4,4,8,8,,,134,
AxB_R1_P50_A,AxCF1,1,4/16/20,1,0,0,1,0,0,,,148,
AxB_R1_P50_A,AxCF1,1,4/30/20,0,0,0,0,0,0,,,162,
AxB_R1_P50_A,AxCF1,1,5/14/20,0,0,0,0,0,0,,,176,
AxB_R1_P50_A,AxCF1,1,5/28/20,2,0,0,2,0,0,,,190,
AxB_R1_P50_A,AxCF1,2,3/11/20,0,0,1,1,2,2,,,112,
AxB_R1_P50_A,AxCF1,2,3/17/20,0,0,1,1,2,2,,,118,
AxB_R1_P50_A,AxCF1,2,4/2/20,1,0,1,2,2,2,,,134,
AxB_R1_P50_A,AxCF1,2,4/16/20,1,0,0,1,0,0,,,148,
AxB_R1_P50_A,AxCF1,2,4/30/20,0,0,0,0,0,0,,,162,
AxB_R1_P50_A,AxCF1,2,5/14/20,1,0,0,1,0,0,,,176,
AxB_R1_P50_A,AxCF1,2,5/28/20,2,0,0,2,0,0,,,190,
AxB_R1_P50_A,AxCF1,3,3/11/20,1,0,0,1,0,0,,,112,
AxB_R1_P50_A,AxCF1,3,3/26/20,2,1,0,3,1,1,,,127,
AxB_R1_P50_A,AxCF1,3,4/9/20,5,0,0,5,0,0,,,141,
AxB_R1_P50_A,AxCF1,3,4/23/20,0,0,0,0,0,0,,,155,
AxB_R1_P50_A,AxCF1,3,5/7/20,2,0,2,4,4,4,,,169,
AxB_R1_P50_A,AxCF1,3,5/21/20,1,0,3,4,6,6,,,183,
AxB_R1_P50_A,AxCF1,3,6/4/20,0,0,2,2,4,4,,,197,
AxB_R1_P50_A,AxCF1,?,2/19/20,0,0,1,1,2,2,,,91,
AxB_R1_P50_A,AxCF1,?,2/19/20,0,0,0,0,0,0,,,91,
AxB_R1_P56_A,AxCF1,1,3/4/20,0,0,0,0,0,0,,,105,
AxB_R1_P56_A,AxCF1,1,3/17/20,0,0,0,0,0,0,,,118,
AxB_R1_P56_A,AxCF1,1,4/2/20,0,0,0,0,0,0,,,134,
AxB_R1_P56_A,AxCF1,1,4/16/20,0,0,0,0,0,0,,,148,
AxB_R1_P56_A,AxCF1,1,4/30/20,0,0,0,0,0,0,,,162,
AxB_R1_P56_A,AxCF1,1,5/14/20,0,0,0,0,0,0,,,176,
AxB_R1_P56_A,AxCF1,1,5/28/20,0,0,0,0,0,0,,,190,
AxB_R1_P56_A,AxCF1,2,3/4/20,0,0,0,0,0,0,,,105,
AxB_R1_P56_A,AxCF1,2,3/17/20,0,0,0,0,0,0,,,118,
AxB_R1_P56_A,AxCF1,2,4/2/20,0,0,0,0,0,0,,,134,
AxB_R1_P56_A,AxCF1,2,4/16/20,0,0,0,0,0,0,,,148,
AxB_R1_P56_A,AxCF1,2,4/30/20,0,0,0,0,0,0,,,162,
AxB_R1_P56_A,AxCF1,2,5/14/20,0,0,0,0,0,0,,,176,
AxB_R1_P56_A,AxCF1,2,5/28/20,0,0,0,0,0,0,,,190,
AxB_R1_P56_A,AxCF1,3,3/11/20,0,0,2,2,4,4,,,112,
AxB_R1_P56_A,AxCF1,3,3/26/20,0,0,0,0,0,0,,,127,
AxB_R1_P56_A,AxCF1,3,4/9/20,0,0,0,0,0,0,,,141,
AxB_R1_P56_A,AxCF1,3,4/23/20,0,0,0,0,0,0,,,155,
AxB_R1_P56_A,AxCF1,3,5/7/20,0,0,1,1,2,2,,,169,
AxB_R1_P56_A,AxCF1,3,5/21/20,0,0,0,0,0,0,,,183,
AxB_R1_P56_A,AxCF1,3,6/4/20,0,0,0,0,0,0,,,197,
AxB_R1_P56_A,AxCF1,?,2/19/20,2,0,0,2,0,0,,,91,
AxB_R1_P56_A,AxCF1,?,2/19/20,0,1,0,1,1,1,,,91,
AxB_R1_P87_B,AxCF1,1,3/11/20,0,0,0,0,0,0,,,112,
AxB_R1_P87_B,AxCF1,1,3/26/20,0,0,0,0,0,0,,,127,
AxB_R1_P87_B,AxCF1,1,4/9/20,0,0,0,0,0,0,,,141,
AxB_R1_P87_B,AxCF1,1,4/23/20,0,0,0,0,0,0,,,155,
AxB_R1_P87_B,AxCF1,1,5/7/20,0,0,0,0,0,0,,,169,
AxB_R1_P87_B,AxCF1,1,5/21/20,1,0,0,1,0,0,,,183,
AxB_R1_P87_B,AxCF1,1,6/4/20,0,0,0,0,0,0,,,197,
AxB_R1_P87_B,AxCF1,3,3/11/20,0,0,0,0,0,0,,,112,
AxB_R1_P87_B,AxCF1,3,3/26/20,0,0,0,0,0,0,,,127,
AxB_R1_P87_B,AxCF1,3,4/9/20,0,0,0,0,0,0,,,141,
AxB_R1_P87_B,AxCF1,3,4/23/20,0,0,0,0,0,0,,,155,
AxB_R1_P87_B,AxCF1,3,5/21/20,0,0,0,0,0,0,,,183,
AxB_R1_P87_B,AxCF1,3,6/4/20,0,0,0,0,0,0,,,197,
AxB_R1_P87_B,AxCF1,?,2/19/20,0,0,0,0,0,0,,,91,
AxB_R1_P87_B,AxCF1,old,3/4/20,0,0,0,0,0,0,,,105,
AxB_R1_P87_B,AxCF1,oldB,3/17/20,0,0,0,0,0,0,,,118,
AxB_R1_P87_B,AxCF1,oldB,4/2/20,0,0,0,0,0,0,,,134,
AxB_R1_P87_B,AxCF1,oldB,4/16/20,0,0,0,0,0,0,,,148,
AxB_R1_P87_B,AxCF1,oldB,4/30/20,0,0,0,0,0,0,,,162,
AxB_R1_P87_B,AxCF1,oldB,5/14/20,0,0,0,0,0,0,,,176,
AxB_R1_P87_B,AxCF1,oldB,5/28/20,0,0,0,0,0,0,,,190,
AxB_R2_P102_A,AxCF1,1,2/28/20,5,0,0,5,0,0,,,100,
AxB_R2_P102_A,AxCF1,1,3/11/20,3,0,0,3,0,0,,,112,
AxB_R2_P102_A,AxCF1,1,3/26/20,1,0,2,3,4,4,,,127,
AxB_R2_P102_A,AxCF1,1,4/9/20,5,1,4,10,9,9,,,141,
AxB_R2_P102_A,AxCF1,1,4/23/20,0,0,4,4,8,8,,,155,
AxB_R2_P102_A,AxCF1,1,5/7/20,0,2,12,14,26,26,,,169,
AxB_R2_P102_A,AxCF1,1,5/21/20,1,1,18,20,37,37,,,183,
AxB_R2_P102_A,AxCF1,1,6/4/20,2,9,25,36,59,59,,,197,
AxB_R2_P103_B,AxCF1,1,4/9/20,2,1,2,5,5,5,,,141,
AxB_R2_P103_B,AxCF1,1,4/23/20,0,0,2,2,4,4,,,155,
AxB_R2_P103_B,AxCF1,1,5/7/20,0,0,1,1,2,2,,,169,
AxB_R2_P103_B,AxCF1,1,5/21/20,0,0,1,1,2,2,,,183,
AxB_R2_P103_B,AxCF1,1,6/4/20,2,0,0,2,0,0,1,,197,almost no ind
AxB_R2_P103_B,AxCF1,2,4/9/20,0,0,0,0,0,0,,,141,was also labelled 1 until today
AxB_R2_P103_B,AxCF1,2,4/23/20,0,0,0,0,0,0,,,155,
AxB_R2_P103_B,AxCF1,2,5/7/20,5,0,0,5,0,0,,,169,
AxB_R2_P103_B,AxCF1,2,5/21/20,9,0,0,9,0,0,,,183,
AxB_R2_P103_B,AxCF1,2,6/4/20,1,0,0,1,0,0,,,197,
AxB_R2_P103_B,AxCF1,?,2/28/20,4,0,0,4,0,0,,,100,
AxB_R2_P103_B,AxCF1,?,2/28/20,5,0,0,5,0,0,,,100,
AxB_R2_P103_B,AxCF1,?,3/11/20,1,0,0,1,0,0,,,112,
AxB_R2_P103_B,AxCF1,?,3/11/20,2,0,0,2,0,0,,,112,
AxB_R2_P103_B,AxCF1,?,3/26/20,13,0,0,13,0,0,,,127,
AxB_R2_P103_B,AxCF1,?,3/26/20,9,1,5,15,11,11,,,127,
AxB_R2_P107_A,AxCF1,1,4/16/20,0,0,4,4,8,8,,,148,
AxB_R2_P107_A,AxCF1,1,4/30/20,0,0,5,5,10,10,,,162,
AxB_R2_P107_A,AxCF1,1,5/14/20,1,5,8,14,21,21,,,176,
AxB_R2_P107_A,AxCF1,1,5/28/20,4,4,29,37,62,62,,,190,
AxB_R2_P121_A,AxCF1,1,2/28/20,1,0,0,1,0,0,,,100,
AxB_R2_P121_A,AxCF1,1,3/11/20,0,0,1,1,2,2,,,112,
AxB_R2_P121_A,AxCF1,1,3/26/20,0,1,4,5,9,9,,,127,
AxB_R2_P121_A,AxCF1,1,4/9/20,0,0,0,0,0,0,,,141,
AxB_R2_P121_A,AxCF1,1,4/23/20,0,0,0,0,0,0,1,,155,"low numbers, struggling"
AxB_R2_P121_A,AxCF1,2,3/11/20,1,0,3,4,6,6,,,112,
AxB_R2_P121_A,AxCF1,2,3/26/20,0,0,4,4,8,8,,,127,
AxB_R2_P121_A,AxCF1,2,4/9/20,0,0,0,0,0,0,1,,141,"low numbers, struggling"
AxB_R2_P133_A,selfedC,1,2/28/20,0,0,1,1,2,2,,,100,
AxB_R2_P133_A,selfedC,1,3/11/20,0,0,2,2,4,4,,,112,
AxB_R2_P133_A,selfedC,1,3/26/20,2,1,0,3,1,1,,,127,
AxB_R2_P133_A,selfedC,1,4/9/20,0,0,0,0,0,0,1,,141,"low numbers, struggling"
AxB_R2_P133_A,selfedC,2,4/9/20,0,0,3,3,6,6,,,141,2 developing
AxB_R2_P133_A,selfedC,2,4/23/20,0,0,0,0,0,0,1,,155,"low numbers, struggling"
AxB_R2_P150_B,selfedC,1,4/9/20,0,0,7,7,14,14,,,141,
AxB_R2_P150_B,selfedC,1,4/23/20,1,0,8,9,16,16,,,155,
AxB_R2_P150_B,selfedC,1,5/7/20,0,1,3,4,7,7,,,169,
AxB_R2_P150_B,selfedC,1,5/21/20,0,0,2,2,4,4,,,183,
AxB_R2_P150_B,selfedC,1,6/4/20,3,3,4,10,11,11,,,197,
AxB_R2_P176_A,AxCF1,1,2/19/20,0,0,0,0,0,0,,,91,
AxB_R2_P176_A,AxCF1,1,3/4/20,0,0,0,0,0,0,,,105,
AxB_R2_P176_A,AxCF1,1,3/17/20,0,0,0,0,0,0,,,118,
AxB_R2_P176_A,AxCF1,1,4/2/20,1,0,0,1,0,0,,,134,
AxB_R2_P176_A,AxCF1,1,4/16/20,0,0,0,0,0,0,,,148,
AxB_R2_P176_A,AxCF1,1,4/30/20,0,0,0,0,0,0,,,162,
AxB_R2_P176_A,AxCF1,1,5/14/20,0,0,0,0,0,0,,,176,
AxB_R2_P176_A,AxCF1,1,5/28/20,0,0,0,0,0,0,,,190,
AxB_R2_P176_A,AxCF1,2,3/11/20,0,0,0,0,0,0,,,112,
AxB_R2_P176_A,AxCF1,2,3/26/20,0,0,0,0,0,0,,,127,
AxB_R2_P176_A,AxCF1,2,4/9/20,0,0,0,0,0,0,,,141,
AxB_R2_P176_A,AxCF1,2,4/23/20,0,0,0,0,0,0,,,155,
AxB_R2_P176_A,AxCF1,2,5/7/20,0,0,0,0,0,0,,,169,
AxB_R2_P176_A,AxCF1,2,5/21/20,0,1,0,1,1,1,,,183,
AxB_R2_P176_A,AxCF1,2,6/4/20,0,0,0,0,0,0,,,197,
AxB_R2_P192_B,selfedC,1,2/28/20,0,0,1,1,2,2,,,100,
AxB_R2_P192_B,selfedC,1,3/11/20,0,0,6,6,12,12,,,112,
AxB_R2_P192_B,selfedC,1,3/26/20,2,1,3,6,7,7,,,127,
AxB_R2_P192_B,selfedC,1,4/9/20,0,0,0,0,0,0,,,141,
AxB_R2_P192_B,selfedC,1,4/23/20,0,0,0,0,0,0,1,,155,"low numbers, struggling"
AxB_R2_P192_B,selfedC,2,4/9/20,2,1,2,5,5,5,,,141,
AxB_R2_P192_B,selfedC,2,4/23/20,0,0,2,2,4,4,,,155,
AxB_R2_P192_B,selfedC,2,5/7/20,0,0,0,0,0,0,,,169,
AxB_R2_P192_B,selfedC,2,5/21/20,0,0,2,2,4,4,,,183,
AxB_R2_P192_B,selfedC,2,6/4/20,0,0,2,2,4,4,,,197,pair copulating
AxB_R2_P203_A,AxCF1,1,2/19/20,2,0,0,2,0,0,,,91,
AxB_R2_P203_A,AxCF1,1,3/3/20,0,0,5,5,10,10,,,104,
AxB_R2_P203_A,AxCF1,1,3/17/20,0,0,5,5,10,10,,,118,
AxB_R2_P203_A,AxCF1,1,4/2/20,0,0,2,2,4,4,,,134,
AxB_R2_P203_A,AxCF1,1,4/16/20,0,0,1,1,2,2,,,148,
AxB_R2_P203_A,AxCF1,1,4/30/20,0,0,1,1,2,2,,,162,
AxB_R2_P203_A,AxCF1,1,5/14/20,0,1,1,2,3,3,,,176,
AxB_R2_P203_A,AxCF1,1,5/28/20,1,0,0,2,0,0,,,190,dropped and lost 1 epp
AxB_R2_P203_A,AxCF1,2,3/3/20,0,0,0,0,0,0,,,104,
AxB_R2_P203_A,AxCF1,2,3/17/20,0,0,2,2,4,4,,,118,
AxB_R2_P203_A,AxCF1,2,4/2/20,0,0,1,1,2,2,,,134,
AxB_R2_P203_A,AxCF1,2,4/16/20,0,0,0,0,0,0,,,148,
AxB_R2_P203_A,AxCF1,2,4/30/20,0,0,2,2,4,4,,,162,
AxB_R2_P203_A,AxCF1,2,5/14/20,0,0,0,0,0,0,,,176,
AxB_R2_P227_A,selfedC,1,2/19/20,2,0,0,2,0,0,,,91,
AxB_R2_P227_A,selfedC,1,3/11/20,2,0,5,7,10,10,,,112,
AxB_R2_P227_A,selfedC,1,3/17/20,0,0,1,1,2,2,,,118,
AxB_R2_P227_A,selfedC,1,4/2/20,1,0,0,1,0,0,,,134,
AxB_R2_P227_A,selfedC,2,3/11/20,0,0,2,2,4,4,,,112,
AxB_R2_P227_A,selfedC,2,3/26/20,0,0,1,1,2,2,,,127,
AxB_R2_P227_A,selfedC,2,4/9/20,0,0,1,1,2,2,,,141,
AxB_R2_P227_A,selfedC,2,4/23/20,0,0,1,1,2,2,,,155,
AxB_R2_P227_A,selfedC,2,5/7/20,0,0,9,9,18,18,,,169,
AxB_R2_P227_A,selfedC,2,5/21/20,4,5,10,19,25,25,,,183,
AxB_R2_P227_A,selfedC,2,6/4/20,6,0,0,6,0,0,,,197,
AxB_R2_P30_A,selfedC,1,3/11/20,1,0,0,1,0,0,,,112,
AxB_R2_P30_A,selfedC,1,3/26/20,5,0,0,5,0,0,,,127,
AxB_R2_P30_A,selfedC,1,4/9/20,0,0,0,0,0,0,,,141,
AxB_R2_P30_A,selfedC,1,4/23/20,1,1,0,2,1,1,,,155,
AxB_R2_P30_A,selfedC,1,5/7/20,1,1,0,2,1,1,,,169,
AxB_R2_P30_A,selfedC,1,5/21/20,5,2,1,8,4,4,,,183,
AxB_R2_P30_A,selfedC,1,6/4/20,7,0,0,7,0,0,,,197,
AxB_R2_P30_A,selfedC,2,4/9/20,0,0,0,0,0,0,,,141,
AxB_R2_P30_A,selfedC,2,4/23/20,1,0,0,1,0,0,,,155,
AxB_R2_P378_A,selfedC,1,4/9/20,0,0,0,0,0,0,1,,141,"low numbers, struggling"
AxB_R2_P378_A,selfedC,1,4/23/20,0,0,0,0,0,0,,,155,
AxB_R2_P378_A,selfedC,1,5/7/20,0,0,0,0,0,0,1,,169,"low numbers, struggling"
AxB_R2_P378_A,selfedC,1,5/21/20,0,0,0,0,0,0,1,,183,"few, if any, moms"
AxB_R2_P378_A,selfedC,1,6/4/20,0,0,0,0,0,0,,,197,
AxB_R2_P52_B,AxCF1,1,3/11/20,10,0,0,10,0,0,,,112,
AxB_R2_P52_B,AxCF1,1,3/17/20,1,0,7,8,14,14,,,118,
AxB_R2_P52_B,AxCF1,1,4/2/20,2,0,5,7,10,10,,,134,
AxB_R2_P52_B,AxCF1,1,4/16/20,2,0,0,2,0,0,,,148,
AxB_R2_P52_B,AxCF1,1,4/30/20,6,0,0,6,0,0,,,162,
AxB_R2_P52_B,AxCF1,1,5/14/20,8,0,0,8,0,0,,,176,
AxB_R2_P52_B,AxCF1,1,5/28/20,1,0,6,7,12,12,,,190,
AxB_R2_P52_B,AxCF1,2,3/11/20,5,0,0,5,0,0,,,112,
AxB_R2_P52_B,AxCF1,2,3/17/20,8,0,0,8,0,0,,,118,
AxB_R2_P52_B,AxCF1,2,4/2/20,8,1,5,14,11,11,,,134,
AxB_R2_P52_B,AxCF1,2,4/16/20,1,0,6,7,12,12,,,148,
AxB_R2_P52_B,AxCF1,2,4/30/20,0,0,2,2,4,4,,,162,
AxB_R2_P52_B,AxCF1,2,5/14/20,0,0,8,8,16,16,,,176,
AxB_R2_P52_B,AxCF1,2,5/28/20,1,0,8,9,16,16,,,190,
AxB_R2_P52_B,AxCF1,3,3/11/20,11,0,0,11,0,0,,,112,
AxB_R2_P52_B,AxCF1,3,3/26/20,11,0,0,11,0,0,,,127,
AxB_R2_P52_B,AxCF1,3,4/9/20,2,0,0,2,0,0,,,141,
AxB_R2_P52_B,AxCF1,3,4/23/20,2,0,0,2,0,0,,,155,
AxB_R2_P52_B,AxCF1,3,5/7/20,5,0,5,10,10,10,,,169,
AxB_R2_P52_B,AxCF1,3,5/21/20,3,1,5,9,11,11,,,183,
AxB_R2_P52_B,AxCF1,3,6/4/20,1,0,6,7,12,14,,,197,plus 2 neonates
AxB_R2_P52_B,AxCF1,?,2/19/20,4,0,0,4,0,0,,,91,
AxB_R2_P52_B,AxCF1,?,2/19/20,15,0,0,15,0,0,,,91,
AxB_R2_P87_B,selfedC,2,3/11/20,1,0,2,3,4,4,,,112,
AxB_R2_P87_B,selfedC,2,3/26/20,0,0,2,2,4,4,,,127,
AxB_R2_P87_B,selfedC,2,4/9/20,2,0,2,4,4,4,,,141,
AxB_R2_P87_B,selfedC,2,4/23/20,0,0,2,2,4,4,,,155,
AxB_R2_P87_B,selfedC,2,5/7/20,0,2,7,9,16,18,,,169,plus 2 hatchlings
AxB_R2_P87_B,selfedC,2,5/21/20,0,1,5,6,11,11,,,183,
AxB_R2_P87_B,selfedC,2,6/4/20,1,1,3,5,7,7,,,197,
AxB_R2_P87_B,selfedC,3,4/16/20,1,0,0,1,0,0,,,148,
AxB_R2_P87_B,selfedC,3,4/30/20,1,1,0,2,1,1,,,162,
AxB_R2_P87_B,selfedC,3,5/7/20,1,0,0,1,0,0,,,169,
AxB_R2_P87_B,selfedC,3,5/14/20,0,1,1,2,3,3,,,176,
AxB_R2_P87_B,selfedC,3,5/28/20,0,0,1,1,2,2,,,190,
AxB_R2_P87_B,selfedC,?,2/19/20,0,0,5,5,10,10,,,91,
AxB_R2_P87_B,selfedC,oldA,3/11/20,0,0,5,5,10,10,,,112,
AxB_R2_P87_B,selfedC,oldA,3/17/20,0,0,4,4,8,8,,,118,
AxB_R2_P87_B,selfedC,oldA,4/2/20,0,0,3,3,6,6,,,134,
AxB_R2_P87_B,selfedC,oldA,4/16/20,0,0,1,1,2,2,,,148,
AxB_R2_P87_B,selfedC,oldA,4/30/20,0,0,0,0,0,0,,,162,
AxB_R2_P87_B,selfedC,oldA,5/14/20,0,0,0,0,0,0,1,,176,"low numbers, struggling"
AxB_R2_P91_A,selfedC,1,4/9/20,9,3,2,14,7,7,,,141,
AxB_R2_P91_A,selfedC,1,4/23/20,5,6,11,22,28,28,,,155,
AxB_R2_P91_A,selfedC,1,5/7/20,2,0,2,4,4,4,,,169,
AxB_R2_P91_A,selfedC,1,5/21/20,1,0,12,13,24,24,,,183,
AxB_R2_P91_A,selfedC,1,6/4/20,1,1,5,7,11,11,,,197,
AxB_R3_431_A,AxCF1,1,3/11/20,0,0,0,0,0,0,,,112,
AxB_R3_431_A,AxCF1,1,3/26/20,0,0,0,0,0,0,,,127,
AxB_R3_431_A,AxCF1,1,4/9/20,0,0,0,0,0,0,,,141,
AxB_R3_431_A,AxCF1,1,4/23/20,0,0,0,0,0,0,,,155,
AxB_R3_431_A,AxCF1,1,5/7/20,0,0,0,0,0,0,,,169,
AxB_R3_431_A,AxCF1,1,5/21/20,1,0,0,1,0,0,,,183,
AxB_R3_431_A,AxCF1,2,4/9/20,0,0,2,2,4,4,,,141,
AxB_R3_431_A,AxCF1,2,4/23/20,0,0,0,0,0,0,,,155,
AxB_R3_431_A,AxCF1,2,5/7/20,0,0,0,0,0,0,,,169,
AxB_R3_431_A,AxCF1,2,5/21/20,0,0,0,0,0,0,,,183,
AxB_R4_P119_A,AxCF1,1,3/11/20,4,8,12,24,32,32,,,112,
AxB_R4_P119_A,AxCF1,1,3/17/20,1,0,0,1,0,0,,,118,
AxB_R4_P119_A,AxCF1,1,4/2/20,0,0,0,0,0,0,,,134,
AxB_R4_P119_A,AxCF1,1,4/16/20,0,1,4,5,9,9,,,148,
AxB_R4_P119_A,AxCF1,1,4/30/20,0,0,0,0,0,0,,,162,
AxB_R4_P119_A,AxCF1,1,5/14/20,0,0,0,0,0,0,,,176,
AxB_R4_P119_A,AxCF1,1,5/28/20,0,0,0,0,0,0,1,,190,very low numbers
AxB_R4_P119_A,AxCF1,2,3/11/20,3,0,0,3,0,0,,,112,
AxB_R4_P119_A,AxCF1,2,3/26/20,2,1,3,6,7,7,,,127,
AxB_R4_P119_A,AxCF1,2,4/9/20,0,0,0,0,0,0,,,141,
AxB_R4_P119_A,AxCF1,2,4/23/20,0,0,0,0,0,0,,,155,
AxB_R4_P119_A,AxCF1,2,5/7/20,0,0,4,4,8,8,,,169,
AxB_R4_P119_A,AxCF1,2,5/21/20,0,1,8,9,17,17,,,183,
AxB_R4_P119_A,AxCF1,2,6/4/20,2,2,8,12,18,18,,,197,
AxB_R4_P160_A,selfedC,1,3/11/20,0,0,0,0,0,0,,,112,
AxB_R4_P160_A,selfedC,1,3/26/20,0,0,0,0,0,0,,,127,
AxB_R4_P160_A,selfedC,1,4/9/20,0,0,0,0,0,0,,,141,
AxB_R4_P160_A,selfedC,1,4/23/20,0,0,0,0,0,0,,,155,
AxB_R4_P160_A,selfedC,1,5/7/20,0,0,0,0,0,0,1,,169,"low numbers, struggling"
AxB_R4_P160_A,selfedC,2,4/9/20,0,0,0,0,0,0,,,141,
AxB_R4_P160_A,selfedC,2,4/23/20,0,0,0,0,0,0,,,155,
AxB_R4_P160_A,selfedC,2,5/7/20,1,0,3,4,6,6,,,169,
AxB_R4_P161_A,selfedC,1,3/11/20,0,0,1,1,2,2,,,112,
AxB_R4_P161_A,selfedC,1,4/9/20,0,0,0,0,0,0,,,141,
AxB_R4_P161_A,selfedC,2,3/11/20,0,0,1,1,2,2,,,112,
AxB_R4_P161_A,selfedC,2,3/26/20,0,0,1,1,2,2,,,127,
AxB_R4_P161_A,selfedC,2,4/9/20,0,0,0,0,0,0,,,141,
AxB_R4_P161_A,selfedC,2,4/23/20,0,0,0,0,0,0,1,,155,"low numbers, struggling"
AxB_R4_P169_A,selfedC,1,4/9/20,0,1,0,1,1,1,,,141,
AxB_R4_P169_A,selfedC,1,4/23/20,0,0,2,2,4,4,,,155,
AxB_R4_P169_A,selfedC,1,5/7/20,0,0,2,2,4,4,,,169,
AxB_R4_P169_A,selfedC,1,5/21/20,0,0,2,2,4,4,,,183,
AxB_R4_P169_A,selfedC,1,6/4/20,0,0,1,1,2,2,,,197,
AxB_R4_P17_A,AxCF1,1,3/11/20,0,0,1,1,2,2,,,112,
AxB_R4_P17_A,AxCF1,1,3/17/20,0,0,0,0,0,0,,,118,
AxB_R4_P17_A,AxCF1,1,4/2/20,0,0,0,0,0,0,,,134,
AxB_R4_P17_A,AxCF1,1,4/16/20,0,0,0,0,0,0,,,148,
AxB_R4_P17_A,AxCF1,1,4/30/20,0,0,0,0,0,0,,,162,
AxB_R4_P17_A,AxCF1,1,5/14/20,0,0,0,0,0,0,,,176,
AxB_R4_P17_A,AxCF1,1,5/28/20,0,0,0,0,0,0,,,190,
AxB_R4_P17_A,AxCF1,2,3/11/20,2,0,0,2,0,0,,,112,
AxB_R4_P17_A,AxCF1,2,3/26/20,0,0,0,0,0,0,,,127,
AxB_R4_P17_A,AxCF1,2,4/9/20,0,0,0,0,0,0,,,141,
AxB_R4_P17_A,AxCF1,2,4/23/20,0,0,0,0,0,0,,,155,
AxB_R4_P17_A,AxCF1,2,5/7/20,0,0,0,0,0,0,,,169,
AxB_R4_P17_A,AxCF1,2,5/21/20,1,0,0,1,0,0,,,183,
AxB_R4_P17_A,AxCF1,2,6/4/20,0,0,0,0,0,0,,,197,
AxB_R4_P17_A,AxCF1,?,2/19/20,1,0,2,3,4,4,,,91,
AxB_R4_P17_A,AxCF1,?,2/19/20,0,1,3,4,7,7,,,91,
AxB_R4_P17_B,AxCF1,1,3/11/20,3,0,0,3,0,0,,,112,
AxB_R4_P17_B,AxCF1,1,3/26/20,2,0,0,2,0,0,,,127,
AxB_R4_P17_B,AxCF1,1,4/9/20,1,6,14,21,34,34,,,141,
AxB_R4_P17_B,AxCF1,1,4/23/20,0,0,5,5,10,10,,,155,
AxB_R4_P17_B,AxCF1,1,5/7/20,0,0,5,5,10,10,,,169,
AxB_R4_P17_B,AxCF1,1,5/21/20,0,0,13,13,26,26,,,183,
AxB_R4_P17_B,AxCF1,1,6/4/20,1,3,10,14,23,23,,,197,
AxB_R4_P17_B,AxCF1,2,3/11/20,0,0,5,5,10,10,,,112,
AxB_R4_P17_B,AxCF1,2,3/26/20,0,1,1,2,3,3,,,127,
AxB_R4_P17_B,AxCF1,2,4/9/20,1,0,6,7,12,12,,,141,
AxB_R4_P17_B,AxCF1,2,4/23/20,0,0,1,1,2,2,,,155,
AxB_R4_P17_B,AxCF1,2,5/7/20,2,1,9,12,19,21,,,169,plus 2 hatchlings
AxB_R4_P17_B,AxCF1,2,5/21/20,13,1,2,16,5,5,,,183,
AxB_R4_P17_B,AxCF1,2,6/4/20,13,0,0,13,0,0,,,197,
AxB_R4_P185_A,selfedC,1,2/28/20,1,0,1,2,2,2,,,100,
AxB_R4_P185_A,selfedC,1,3/11/20,0,0,0,0,0,0,,,112,
AxB_R4_P185_A,selfedC,1,3/26/20,2,0,0,2,0,0,,,127,
AxB_R4_P185_A,selfedC,1,4/9/20,0,0,0,0,0,0,,,141,
AxB_R4_P185_A,selfedC,1,4/23/20,0,2,1,3,4,4,,,155,
AxB_R4_P185_A,selfedC,1,5/7/20,3,2,1,6,4,4,,,169,
AxB_R4_P185_A,selfedC,1,5/21/20,2,0,2,4,4,4,,,183,
AxB_R4_P185_A,selfedC,1,6/4/20,6,1,0,7,1,1,,,197,
AxB_R4_P185_A,selfedC,2,3/11/20,1,0,0,1,0,0,,,112,
AxB_R4_P185_A,selfedC,2,3/26/20,3,2,0,5,2,2,,,127,
AxB_R4_P185_A,selfedC,2,4/9/20,0,0,0,0,0,0,,,141,
AxB_R4_P185_A,selfedC,2,4/23/20,0,0,0,0,0,0,,,155,
AxB_R4_P185_A,selfedC,2,5/7/20,0,0,0,0,0,0,,,169,
AxB_R4_P185_A,selfedC,2,5/7/20,0,0,0,0,0,0,,,169,
AxB_R4_P185_A,selfedC,2,5/21/20,2,2,0,4,2,2,,,183,
AxB_R4_P185_A,selfedC,2,6/4/20,3,0,1,4,2,2,,,197,
AxB_R4_P51_A,AxCF1,1,2/19/20,0,0,0,0,0,0,,,91,
AxB_R4_P51_A,AxCF1,1,3/4/20,0,0,0,0,0,0,,,105,
AxB_R4_P51_A,AxCF1,1,3/17/20,0,0,0,0,0,0,,,118,
AxB_R4_P51_A,AxCF1,1,4/2/20,1,0,1,2,2,2,,,134,
AxB_R4_P51_A,AxCF1,1,4/16/20,0,0,0,0,0,0,,,148,
AxB_R4_P51_A,AxCF1,1,4/30/20,1,0,0,1,0,0,,,162,
AxB_R4_P51_A,AxCF1,1,5/14/20,0,0,0,0,0,0,,,176,
AxB_R4_P51_A,AxCF1,1,5/28/20,0,0,0,0,0,0,,,190,
AxB_R4_P51_A,AxCF1,2,3/11/20,0,0,0,0,0,0,,,112,
AxB_R4_P51_A,AxCF1,2,3/26/20,0,0,0,0,0,0,,,127,
AxB_R4_P51_A,AxCF1,2,4/9/20,0,0,0,0,0,0,,,141,
AxB_R4_P51_A,AxCF1,2,4/23/20,0,0,0,0,0,0,,,155,
AxB_R4_P51_A,AxCF1,2,5/7/20,0,0,0,0,0,0,,,169,
AxB_R4_P51_A,AxCF1,2,5/21/20,0,0,0,0,0,0,,,183,
AxB_R4_P51_A,AxCF1,2,6/4/20,0,0,0,0,0,0,,,197,
AxB_R4_P55_A,AxCF1,1,2/19/20,3,4,2,9,8,8,,,91,
AxB_R4_P55_A,AxCF1,1,3/11/20,0,0,2,2,4,4,,,112,
AxB_R4_P55_A,AxCF1,1,3/17/20,3,4,3,10,10,10,,,118,
AxB_R4_P55_A,AxCF1,1,4/2/20,9,6,3,18,12,12,,,134,
AxB_R4_P55_A,AxCF1,1,4/16/20,3,0,0,3,0,0,,,148,
AxB_R4_P55_A,AxCF1,1,4/30/20,2,1,1,4,3,3,,,162,
AxB_R4_P55_A,AxCF1,1,5/14/20,13,0,0,13,0,0,,,176,
AxB_R4_P55_A,AxCF1,1,5/28/20,5,4,2,11,8,8,,,190,
AxB_R4_P55_A,AxCF1,2,3/11/20,0,2,2,4,6,6,,,112,
AxB_R4_P55_A,AxCF1,2,3/26/20,5,2,3,10,8,8,,,127,
AxB_R4_P55_A,AxCF1,2,4/9/20,1,1,0,2,1,1,,,141,
AxB_R4_P55_A,AxCF1,2,4/23/20,3,0,0,3,0,0,,,155,
AxB_R4_P55_A,AxCF1,2,5/7/20,4,2,3,9,8,8,,,169,
AxB_R4_P55_A,AxCF1,2,5/21/20,3,1,2,6,5,5,,,183,
AxB_R4_P55_A,AxCF1,2,6/4/20,4,4,4,12,12,12,,,197,
AxB_R4_P93_A,selfedC,1,4/16/20,0,0,2,2,4,4,,,148,
AxB_R4_P93_A,selfedC,1,4/30/20,0,0,2,2,4,4,,,162,
AxB_R4_P93_A,selfedC,1,5/14/20,0,0,1,1,2,2,,,176,
AxB_R4_P93_A,selfedC,1,5/28/20,0,1,3,4,7,7,,,190,
D8179,A,A,11/20/19,7,1,0,8,1,1,,1,0,
D8179,A,A,12/10/19,0,0,0,0,0,0,,1,20,
D8179,A,A,12/30/19,0,0,0,0,0,0,,1,40,
D8179,A,A,1/16/20,0,0,0,0,0,0,,1,57,
D8179,A,A,1/29/20,2,0,0,2,0,0,,1,70,
D8179,A,A,2/4/20,2,0,0,2,0,0,,1,76,
D8179,A,A,3/5/20,6,0,4,10,8,8,,,106,
D8179,A,A,3/20/20,4,3,0,7,3,3,,,121,
D8179,A,A,4/2/20,4,0,0,4,0,0,,,134,
D8179,A,A,4/16/20,1,0,0,1,0,0,,,148,
D8179,A,A,4/30/20,1,0,0,1,0,0,,,162,
D8179,A,A,5/14/20,0,0,0,0,0,0,,,176,
D8179,A,A,5/28/20,0,0,0,0,0,0,,,190,
D8179,A,B,11/20/19,9,0,0,9,0,0,,1,0,
D8179,A,B,12/10/19,2,0,0,2,0,0,,1,20,
D8179,A,B,12/30/19,0,0,0,0,0,0,,1,40,
D8179,A,B,1/16/20,0,0,0,0,0,0,,1,57,
D8179,A,B,1/29/20,9,0,0,9,0,0,,1,70,
D8179,A,B,2/4/20,1,0,0,1,0,0,,1,76,
D8179,A,B,3/5/20,4,0,0,4,0,0,,,106,
D8179,A,B,3/20/20,3,1,0,4,1,1,,,121,
D8179,A,B,4/2/20,0,0,0,0,0,0,,,134,
D8179,A,B,4/16/20,4,0,0,4,0,0,,,148,
D8179,A,B,4/30/20,2,0,0,2,0,0,,,162,
D8179,A,B,5/14/20,2,0,0,2,0,0,,,176,
D8179,A,B,5/28/20,2,0,0,2,0,0,,,190,
D8179,A,C,11/20/19,0,0,0,0,0,0,,1,0,
D8179,A,C,12/10/19,0,0,0,0,0,0,,1,20,
D8179,A,C,12/30/19,0,0,0,0,0,0,,1,40,
D8179,A,C,1/16/20,0,0,0,0,0,0,,1,57,
D8179,A,C,1/29/20,3,0,0,3,0,0,,1,70,
D8179,A,C,2/4/20,1,0,0,1,0,0,,1,76,
D8179,A,C,3/5/20,2,0,3,5,6,6,,,106,
D8179,A,C,3/20/20,3,1,0,4,1,1,,,121,
D8179,A,C,4/2/20,2,0,0,2,0,0,,,134,
D8179,A,C,4/16/20,1,0,0,1,0,0,,,148,
D8179,A,C,4/30/20,2,0,0,2,0,0,,,162,
D8179,A,C,5/14/20,1,1,1,3,3,3,,,176,
D8179,A,C,5/28/20,0,2,0,2,2,2,,,190,
D8179,A,D,12/13/19,1,0,0,1,0,0,,1,23,
D8179,A,D,12/30/19,8,0,0,8,0,0,,1,40,
D8179,A,D,1/8/20,0,0,0,0,0,0,,1,49,
D8179,A,D,1/24/20,7,0,0,7,0,0,,1,65,
D8179,A,D,2/6/20,2,0,0,2,0,0,,1,78,
D8179,A,D,3/2/20,4,1,0,5,1,1,,,103,
D8179,A,D,3/19/20,2,1,0,3,1,1,,,120,
D8179,A,D,3/26/20,1,0,0,1,0,0,,,127,
D8179,A,D,4/9/20,6,0,0,6,0,0,,,141,
D8179,A,D,4/23/20,2,0,0,2,0,0,,,155,
D8179,A,D,5/7/20,2,0,0,2,0,0,,,169,
D8179,A,D,5/21/20,0,0,0,0,0,0,,,183,
D8179,A,D,6/4/20,0,0,0,0,0,0,,,197,
D8179,A,E,12/13/19,1,0,0,1,0,0,,1,23,
D8179,A,E,12/30/19,10,0,0,10,0,0,,1,40,
D8179,A,E,1/8/20,5,0,0,5,0,0,,1,49,
D8179,A,E,1/24/20,16,0,0,16,0,0,,1,65,
D8179,A,E,2/6/20,4,0,0,4,0,0,,1,78,
D8179,A,E,3/2/20,2,0,0,2,0,0,,,103,
D8179,A,E,3/19/20,8,1,0,9,1,1,,,120,
D8179,A,E,3/26/20,0,0,0,0,0,0,,,127,
D8179,A,E,4/9/20,2,0,0,2,0,0,,,141,
D8179,A,E,4/23/20,3,1,0,4,1,1,,,155,
D8179,A,E,5/7/20,0,0,0,0,0,0,,,169,
D8179,A,E,5/21/20,1,0,0,1,0,0,,,183,
D8179,A,E,6/4/20,0,0,0,0,0,0,,,197,
D8179,A,sum,12/3/19,8,1,0,9,1,1,,1,13,
D8179_R1_P58_A,selfedA,1,2/28/20,1,0,0,1,0,0,,,100,
D8179_R1_P58_A,selfedA,1,3/11/20,0,0,0,0,0,0,,,112,
D8179_R1_P58_A,selfedA,1,3/26/20,3,0,0,3,0,0,,,127,
D8179_R1_P58_A,selfedA,1,4/9/20,0,0,0,0,0,0,,,141,
D8179_R1_P58_A,selfedA,1,4/23/20,0,0,0,0,0,0,,,155,
D8179_R1_P58_A,selfedA,1,5/7/20,0,0,0,0,0,0,,,169,
D8179_R1_P58_A,selfedA,2,4/9/20,0,0,0,0,0,0,,,141,
D8179_R1_P58_A,selfedA,2,4/23/20,7,0,0,7,0,0,,,155,
D8179_R1_P58_A,selfedA,2,5/7/20,0,0,0,0,0,0,,,169,
D8179_R1_P58_A,selfedA,2,5/21/20,0,0,0,0,0,0,1,,183,numbers a bit low
D8179_R1_P58_A,selfedA,2,6/4/20,1,0,0,1,0,0,,,197,
D818010,AxCF1_AL,1,2/19/20,0,0,2,2,4,4,,,91,
D818010,AxCF1_AL,1,3/3/20,0,1,8,9,17,17,,,104,
D818010,AxCF1_AL,1,3/17/20,0,0,1,1,2,2,,,118,
D818010,AxCF1_AL,1,4/2/20,2,0,2,4,4,4,,,134,
D818010,AxCF1_AL,1,4/16/20,0,0,1,1,2,2,,,148,
D818010,AxCF1_AL,1,4/30/20,0,0,3,3,6,6,,,162,
D818010,AxCF1_AL,1,5/14/20,1,0,3,4,6,6,,,176,
D818010,AxCF1_AL,1,5/28/20,0,0,1,1,2,2,,,190,
D818010,AxCF1_AL,2,4/16/20,0,0,0,0,0,0,,,148,
D818010,AxCF1_AL,2,4/30/20,0,1,1,2,3,3,,,162,
D818010,AxCF1_AL,2,5/14/20,0,0,0,0,0,0,,,176,
D818010,AxCF1_AL,2,5/28/20,0,0,1,1,2,2,,,190,
D818025,AxCF1,1,2/19/20,2,0,0,2,0,0,,,91,
D818025,AxCF1,1,3/3/20,12,0,0,12,0,0,,,104,
D818025,AxCF1,1,3/17/20,6,0,0,6,0,0,,,118,
D818025,AxCF1,1,4/2/20,3,0,0,3,0,0,,,134,
D818025,AxCF1,1,4/16/20,0,0,1,1,2,2,,,148,
D818025,AxCF1,1,4/30/20,0,1,2,3,5,5,,,162,
D818025,AxCF1,1,5/14/20,0,4,2,6,8,8,,,176,
D818025,AxCF1,1,5/28/20,0,0,2,2,4,4,,,190,
D818025,AxCF1,2,4/16/20,0,0,0,0,0,0,,,148,
D818025,AxCF1,2,4/30/20,0,0,7,7,14,14,,,162,
D818025,AxCF1,2,5/14/20,1,0,2,3,4,4,,,176,
D818025,AxCF1,2,5/28/20,3,0,1,4,2,2,,,190,
D818028,AxCF1,1,3/3/20,0,0,3,3,6,6,,,104,
D818028,AxCF1,1,3/17/20,0,3,3,6,9,9,,,118,
D818028,AxCF1,1,4/2/20,0,0,3,3,6,6,,,134,
D818028,AxCF1,1,4/16/20,0,0,0,0,0,0,,,148,
D818028,AxCF1,1,4/30/20,2,0,6,8,12,12,,,162,
D818028,AxCF1,1,5/14/20,4,0,0,4,0,0,,,176,
D818028,AxCF1,1,5/28/20,5,0,0,5,0,0,,,190,
D818028,AxCF1,2,4/16/20,0,0,0,0,0,0,,,148,
D818028,AxCF1,2,4/30/20,3,1,1,5,3,3,,,162,
D818028,AxCF1,2,5/14/20,0,1,1,2,3,3,,,176,
D818028,AxCF1,2,5/28/20,0,1,5,6,11,11,,,190,
D818030,AxCF1,A,12/13/19,0,0,1,1,2,2,,1,23,
D818030,AxCF1,A,12/30/19,0,0,3,3,6,6,,1,40,
D818030,AxCF1,A,1/8/20,0,0,0,0,0,0,,1,49,
D818030,AxCF1,A,1/16/20,6,0,1,7,2,2,,1,57,
D818030,AxCF1,A,1/29/20,0,0,0,0,0,0,,1,70,
D818030,AxCF1,A,2/6/20,0,0,3,3,6,6,,1,78,
D818030,AxCF1,A,2/17/20,0,0,1,1,2,2,,,89,
D818030,AxCF1,A,2/27/20,0,0,0,0,0,0,,,99,
D818030,AxCF1,A,3/11/20,0,0,7,7,14,14,,,112,
D818030,AxCF1,A,3/20/20,0,0,0,0,0,0,,,121,
D818030,AxCF1,A,4/2/20,0,2,7,9,16,16,,,134,
D818030,AxCF1,A,4/16/20,0,0,1,1,2,2,,,148,
D818030,AxCF1,A,4/30/20,0,0,3,3,6,6,,,162,
D818030,AxCF1,A,5/14/20,1,0,4,5,8,8,,,176,
D818030,AxCF1,A,5/28/20,0,0,0,0,0,0,,,190,
D818030,AxCF1,B,12/13/19,0,0,3,3,6,6,,1,23,
D818030,AxCF1,B,12/30/19,0,0,2,2,4,4,,1,40,
D818030,AxCF1,B,1/8/20,0,0,0,0,0,0,,1,49,
D818030,AxCF1,B,1/16/20,0,0,0,0,0,0,,1,57,
D818030,AxCF1,B,1/29/20,0,0,4,4,8,8,,1,70,
D818030,AxCF1,B,2/6/20,0,0,2,2,4,4,,1,78,
D818030,AxCF1,B,2/17/20,0,0,0,0,0,0,,,89,
D818030,AxCF1,B,2/27/20,0,0,0,0,0,0,,,99,
D818030,AxCF1,B,3/11/20,0,0,0,0,0,0,,,112,
D818030,AxCF1,B,3/20/20,0,0,0,0,0,0,,,121,
D818030,AxCF1,B,4/2/20,0,0,0,0,0,0,,,134,
D818030,AxCF1,B,4/16/20,0,0,2,2,4,4,,,148,
D818030,AxCF1,B,4/30/20,0,0,0,0,0,0,,,162,
D818030,AxCF1,B,5/14/20,0,0,0,0,0,0,,,176,
D818030,AxCF1,B,5/28/20,0,0,0,0,0,0,,,190,
D818030,AxCF1,C,12/13/19,0,0,0,0,0,0,,1,23,
D818030,AxCF1,C,12/30/19,0,0,0,0,0,0,,1,40,
D818030,AxCF1,C,1/8/20,0,0,0,0,0,0,,1,49,
D818030,AxCF1,C,1/16/20,0,0,0,0,0,0,,1,57,
D818030,AxCF1,C,1/29/20,2,0,0,2,0,0,,1,70,
D818030,AxCF1,C,2/6/20,1,1,1,3,3,3,,1,78,
D818030,AxCF1,C,2/17/20,0,0,1,1,2,2,,,89,
D818030,AxCF1,C,2/27/20,0,0,0,0,0,0,,,99,
D818030,AxCF1,C,3/11/20,2,0,3,5,6,6,,,112,
D818030,AxCF1,C,3/20/20,0,0,2,2,4,4,,,121,
D818030,AxCF1,C,4/2/20,0,0,3,3,6,6,,,134,
D818030,AxCF1,C,4/16/20,1,0,3,4,6,6,,,148,
D818030,AxCF1,C,4/30/20,1,0,0,1,0,0,,,162,
D818030,AxCF1,C,5/14/20,0,0,5,5,10,10,,,176,
D818030,AxCF1,C,5/28/20,0,0,0,0,0,0,,,190,
D818030,AxCF1,sum,12/4/19,9,2,2,13,6,6,,1,14,
D818031,A,1,2/19/20,1,0,0,1,0,0,,,91,
D818031,A,1,3/3/20,9,2,0,11,2,2,,,104,
D818031,A,1,3/17/20,6,0,0,6,0,0,,,118,
D818031,A,1,4/2/20,3,0,0,3,0,0,,,134,
D818031,A,1,4/16/20,0,0,0,0,0,0,,,148,
D818031,A,1,4/30/20,1,0,0,1,0,0,,,162,
D818031,A,1,5/14/20,5,0,0,5,0,0,,,176,
D818031,A,1,5/28/20,1,0,0,1,0,0,,,190,
D818031,A,2,4/16/20,0,0,0,0,0,0,,,148,
D818031,A,2,4/30/20,2,0,0,2,0,0,,,162,
D818031,A,2,5/14/20,1,0,0,1,0,0,,,176,
D818031,A,2,5/28/20,1,0,0,1,0,0,,,190,
D818105,AxCF1_S,A,12/13/19,1,1,0,2,1,1,,1,23,
D818105,AxCF1_S,A,12/30/19,3,0,4,7,8,8,,1,40,
D818105,AxCF1_S,A,1/8/20,0,0,0,0,0,0,,1,49,
D818105,AxCF1_S,A,1/16/20,1,2,1,4,4,4,,1,57,
D818105,AxCF1_S,A,1/29/20,1,4,2,7,8,8,,1,70,
D818105,AxCF1_S,A,2/6/20,0,0,3,3,6,6,,1,78,
D818105,AxCF1_S,A,2/17/20,2,0,9,11,18,18,,,89,
D818105,AxCF1_S,A,2/27/20,0,0,3,3,6,6,,,99,
D818105,AxCF1_S,A,3/11/20,13,0,0,13,0,0,,,112,
D818105,AxCF1_S,A,3/20/20,2,0,0,2,0,0,,,121,
D818105,AxCF1_S,A,4/2/20,1,0,3,4,6,6,,,134,
D818105,AxCF1_S,A,4/16/20,0,0,0,0,0,0,,,148,
D818105,AxCF1_S,A,4/30/20,1,0,4,5,8,8,,,162,
D818105,AxCF1_S,A,5/14/20,2,0,7,9,14,14,,,176,
D818105,AxCF1_S,A,5/28/20,0,0,0,0,0,0,,,190,
D818105,AxCF1_S,A,5/28/20,0,0,5,5,10,10,,,190,
D818105,AxCF1_S,B,12/13/19,0,3,0,3,3,3,,1,23,
D818105,AxCF1_S,B,12/30/19,1,0,1,2,2,2,,1,40,
D818105,AxCF1_S,B,1/8/20,0,0,0,0,0,0,,1,49,
D818105,AxCF1_S,B,1/16/20,0,0,10,10,20,20,,1,57,
D818105,AxCF1_S,B,1/29/20,0,1,2,3,5,5,,1,70,
D818105,AxCF1_S,B,2/6/20,5,0,1,6,2,2,,1,78,
D818105,AxCF1_S,B,2/17/20,2,0,0,2,0,0,,,89,
D818105,AxCF1_S,B,2/27/20,0,1,0,1,1,1,,,99,
D818105,AxCF1_S,B,3/11/20,1,2,6,9,14,14,,,112,
D818105,AxCF1_S,B,3/20/20,0,1,1,2,3,3,,,121,
D818105,AxCF1_S,B,4/2/20,8,2,0,10,2,2,,,134,
D818105,AxCF1_S,B,4/16/20,0,0,0,0,0,0,,,148,
D818105,AxCF1_S,B,4/30/20,3,1,2,6,5,5,,,162,
D818105,AxCF1_S,B,5/14/20,0,0,5,5,10,10,,,176,
D818105,AxCF1_S,B,5/28/20,0,0,0,0,0,0,,,190,
D818105,AxCF1_S,sum,12/4/19,0,1,5,6,11,11,,1,14,
D818106,AxCF1_S,1,3/3/20,3,0,0,3,0,0,,,104,
D818106,AxCF1_S,1,3/17/20,2,2,11,15,24,24,,,118,
D818106,AxCF1_S,1,4/2/20,3,0,0,3,0,0,,,134,
D818106,AxCF1_S,1,4/16/20,0,0,0,0,0,0,,,148,
D818106,AxCF1_S,1,4/30/20,0,0,0,0,0,0,,,162,
D818106,AxCF1_S,1,5/14/20,3,0,0,3,0,0,,,176,
D818106,AxCF1_S,1,5/28/20,3,0,0,3,0,0,,,190,
D818106,AxCF1_S,2,4/16/20,0,0,0,0,0,0,,,148,
D818106,AxCF1_S,2,5/14/20,3,0,1,4,2,2,,,176,
D818106,AxCF1_S,2,5/28/20,2,0,0,2,0,0,,,190,
D818108,AxCF1_AL,1,3/3/20,1,0,5,6,10,10,,,104,
D818108,AxCF1_AL,1,3/17/20,1,0,0,1,0,0,,,118,
D818108,AxCF1_AL,1,4/16/20,0,1,4,5,9,9,,,148,
D818108,AxCF1_AL,1,4/30/20,3,0,1,4,2,2,,,162,
D818108,AxCF1_AL,1,5/14/20,0,0,4,4,8,8,,,176,
D818108,AxCF1_AL,1,5/28/20,1,1,5,7,11,11,,,190,
D818108,AxCF1_AL,2,4/16/20,1,0,0,1,0,0,,,148,
D818108,AxCF1_AL,2,4/30/20,0,0,4,4,8,8,,,162,
D818108,AxCF1_AL,2,5/14/20,1,0,0,1,0,0,,,176,
D818108,AxCF1_AL,2,5/28/20,0,0,1,1,2,2,,,190,
D818109,AxCF1_S,1,2/19/20,3,0,0,3,0,0,,,91,
D818109,AxCF1_S,1,3/3/20,8,0,0,8,0,0,,,104,
D818109,AxCF1_S,1,3/17/20,12,2,0,14,2,2,,,118,
D818109,AxCF1_S,1,4/2/20,2,1,0,3,1,1,,,134,
D818109,AxCF1_S,1,4/16/20,0,1,0,1,1,1,,,148,
D818109,AxCF1_S,1,4/30/20,0,0,1,1,2,2,,,162,
D818109,AxCF1_S,1,5/14/20,0,0,4,4,8,8,,,176,
D818109,AxCF1_S,1,5/28/20,0,0,2,2,4,4,,,190,
D818111,AxCF1,1,3/3/20,6,0,0,6,0,0,,,104,
D818111,AxCF1,1,3/17/20,1,0,0,1,0,0,,,118,
D818111,AxCF1,1,4/2/20,1,0,0,1,0,0,,,134,
D818111,AxCF1,1,4/16/20,0,0,0,0,0,0,,,148,
D818111,AxCF1,1,4/30/20,3,0,0,3,0,0,,,162,
D818111,AxCF1,1,5/14/20,8,0,0,8,0,0,,,176,
D818111,AxCF1,1,5/28/20,0,0,0,0,0,0,,,190,
D818111,AxCF1,1,5/28/20,9,0,0,9,0,0,,,190,
D818111,AxCF1,2,4/16/20,3,0,0,3,0,0,,,148,
D818111,AxCF1,2,4/30/20,1,0,0,1,0,0,,,162,
D818111,AxCF1,2,5/14/20,0,1,0,1,1,1,,,176,
D818122,AxCF1_S,1,2/19/20,2,0,0,2,0,0,,,91,
D818122,AxCF1_S,1,3/3/20,9,1,8,18,17,17,,,104,
D818122,AxCF1_S,1,3/17/20,1,4,8,13,20,20,,,118,
D818122,AxCF1_S,1,4/2/20,3,3,12,18,27,27,,,134,
D818122,AxCF1_S,1,4/16/20,4,2,3,9,8,8,,,148,
D818122,AxCF1_S,1,4/30/20,5,0,7,12,14,14,,,162,
D818122,AxCF1_S,1,5/14/20,7,0,0,7,0,0,,,176,
D818122,AxCF1_S,1,5/28/20,10,0,0,10,0,0,,,190,
D818122,AxCF1_S,2,4/16/20,1,0,0,1,0,0,,,148,
D818122,AxCF1_S,2,4/30/20,3,0,1,4,2,2,,,162,
D818122,AxCF1_S,2,5/14/20,0,2,3,5,8,8,,,176,
D818122,AxCF1_S,2,5/28/20,5,1,0,6,1,1,,,190,
D8222,C,A,11/20/19,0,1,13,14,27,27,,1,0,
D8222,C,A,12/10/19,0,0,13,13,26,26,,1,20,
D8222,C,A,12/30/19,0,0,6,6,12,12,,1,40,
D8222,C,A,1/16/20,0,0,0,0,0,0,,1,57,
D8222,C,A,1/29/20,0,0,9,9,18,18,,1,70,
D8222,C,A,2/4/20,1,0,11,12,22,22,,1,76,
D8222,C,A,3/5/20,0,0,4,4,8,8,,,106,
D8222,C,A,3/20/20,0,0,5,5,10,10,,,121,
D8222,C,A,4/2/20,0,0,3,3,6,6,,,134,
D8222,C,A,4/16/20,0,0,5,5,10,10,,,148,
D8222,C,A,4/30/20,0,1,9,10,19,19,,,162,
D8222,C,A,5/14/20,0,1,1,2,3,3,,,176,
D8222,C,A,5/28/20,0,0,2,2,4,4,,,190,pair copulating
D8222,C,B,11/20/19,0,0,0,0,0,0,,1,0,
D8222,C,B,12/10/19,0,0,9,9,18,18,,1,20,
D8222,C,B,12/30/19,0,0,0,0,0,0,,1,40,
D8222,C,B,1/16/20,0,0,0,0,0,0,,1,57,
D8222,C,B,1/29/20,0,0,8,8,16,16,,1,70,
D8222,C,B,2/4/20,0,0,2,2,4,4,,1,76,
D8222,C,B,3/5/20,0,0,1,1,2,2,,,106,
D8222,C,B,3/20/20,0,0,3,3,6,6,,,121,
D8222,C,B,4/2/20,0,0,1,1,2,2,,,134,
D8222,C,B,4/16/20,0,0,1,1,2,2,,,148,
D8222,C,B,4/30/20,0,0,9,9,18,18,,,162,
D8222,C,B,5/14/20,1,1,1,3,3,3,,,176,
D8222,C,B,5/28/20,0,0,2,2,4,4,,,190,
D8222,C,C,12/13/19,0,1,1,2,3,3,,1,23,
D8222,C,C,12/30/19,2,0,7,9,14,14,,1,40,
D8222,C,C,1/8/20,0,0,3,3,6,6,,1,49,
D8222,C,C,1/24/20,1,0,5,6,10,10,,1,65,
D8222,C,C,2/6/20,0,0,0,0,0,0,,1,78,
D8222,C,C,3/2/20,0,0,0,0,0,0,,,103,
D8222,C,C,3/19/20,0,2,11,13,24,24,,,120,
D8222,C,C,3/26/20,0,0,1,1,2,2,,,127,
D8222,C,C,4/9/20,1,0,7,8,14,14,,,141,
D8222,C,C,4/23/20,0,0,2,2,4,4,,,155,
D8222,C,C,5/7/20,0,0,2,2,4,4,,,169,
D8222,C,C,5/21/20,1,0,2,3,4,4,,,183,
D8222,C,C,6/4/20,0,0,0,0,0,0,,,197,
D8222,C,D,12/13/19,0,1,2,3,5,5,,1,23,
D8222,C,D,12/30/19,0,0,3,3,6,6,,1,40,
D8222,C,D,1/8/20,1,1,6,8,13,13,,1,49,
D8222,C,D,1/24/20,1,1,6,8,13,13,,1,65,
D8222,C,D,2/6/20,0,0,0,0,0,0,,1,78,
D8222,C,D,3/2/20,0,0,2,2,4,4,,,103,
D8222,C,D,3/19/20,0,0,8,8,16,16,,,120,
D8222,C,D,3/26/20,1,0,0,1,0,0,,,127,
D8222,C,D,4/9/20,0,0,9,9,18,18,,,141,
D8222,C,D,4/23/20,0,2,3,5,8,8,,,155,
D8222,C,D,5/7/20,6,1,2,9,5,5,,,169,
D8222,C,D,5/21/20,4,0,1,5,2,2,,,183,
D8222,C,D,6/4/20,0,0,0,0,0,0,,,197,
D8222,C,E,12/13/19,0,1,0,1,1,1,,1,23,
D8222,C,E,12/30/19,0,1,10,11,21,21,,1,40,
D8222,C,E,1/8/20,0,0,5,5,10,10,,1,49,
D8222,C,E,1/24/20,1,1,6,8,13,13,,1,65,
D8222,C,E,2/6/20,0,0,14,14,28,28,,1,78,
D8222,C,E,3/2/20,0,0,5,5,10,10,,,103,
D8222,C,E,3/19/20,0,0,6,6,12,12,,,120,
D8222,C,E,3/26/20,0,0,1,1,2,2,,,127,
D8222,C,E,4/9/20,1,1,7,9,15,15,,,141,
D8222,C,E,4/23/20,1,0,7,8,14,14,,,155,
D8222,C,E,5/7/20,0,0,3,3,6,6,,,169,
D8222,C,E,5/21/20,0,0,0,0,0,0,,,183,
D8222,C,E,6/4/20,0,1,1,2,3,3,,,197,
D8222,C,sum,12/3/19,2,3,16,21,35,35,,1,13,
D8222_R1_P169_B,selfedC,1,4/9/20,0,2,1,3,4,4,,,141,
D8222_R1_P169_B,selfedC,1,4/23/20,1,2,2,5,6,6,,,155,
D8222_R1_P169_B,selfedC,1,5/7/20,0,0,1,1,2,2,,,169,
D8222_R1_P169_B,selfedC,1,5/21/20,0,0,1,1,2,2,,,183,
D8222_R1_P169_B,selfedC,1,6/4/20,0,0,1,1,2,2,,,197,
D8222_R1_P213_B,selfedC,1,2/19/20,2,0,0,2,0,0,,,91,
D8222_R1_P213_B,selfedC,1,2/28/20,0,1,0,1,1,1,,,100,
D8222_R1_P213_B,selfedC,1,3/3/20,0,0,0,0,0,0,,,104,
D8222_R1_P213_B,selfedC,1,3/11/20,0,0,0,0,0,0,,,112,
D8222_R1_P213_B,selfedC,1,3/17/20,0,0,0,0,0,0,,,118,
D8222_R1_P213_B,selfedC,1,4/2/20,0,0,1,1,2,2,,,134,
D8222_R1_P213_B,selfedC,1,4/16/20,0,1,0,1,1,1,,,148,
D8222_R1_P213_B,selfedC,1,4/30/20,0,0,0,0,0,0,1,,162,"low numbers, struggling"
D8222_R1_P213_B,selfedC,2,3/26/20,3,1,0,4,1,1,,,127,
D8222_R1_P213_B,selfedC,2,4/9/20,0,0,0,0,0,0,,,141,
D8222_R1_P213_B,selfedC,2,4/23/20,0,0,0,0,0,0,,,155,
D8222_R1_P213_B,selfedC,2,5/7/20,5,0,1,6,2,2,,,169,
D8222_R1_P213_B,selfedC,2,5/21/20,4,0,0,4,0,0,,,183,
D8222_R1_P472_A,selfedC,1,3/11/20,3,1,3,7,7,7,,,112,
D8222_R1_P472_A,selfedC,1,3/26/20,2,0,0,2,0,0,,,127,
D8222_R1_P472_A,selfedC,1,4/9/20,0,0,0,0,0,0,,,141,
D8222_R1_P472_A,selfedC,1,4/23/20,0,0,0,0,0,0,,,155,
D8222_R1_P472_A,selfedC,1,5/7/20,0,0,0,0,0,0,,,169,
D8222_R1_P472_A,selfedC,1,5/21/20,0,0,0,0,0,0,,,183,
D8222_R1_P472_A,selfedC,1,6/4/20,0,0,0,0,0,0,1,,197,almost no ind
D8222_R1_P472_A,selfedC,2,4/9/20,0,0,0,0,0,0,,,141,
D8222_R1_P472_A,selfedC,2,4/23/20,0,0,0,0,0,0,,,155,
D8222_R1_P472_A,selfedC,2,5/7/20,1,0,0,1,0,0,,,169,
D8222_R1_P472_A,selfedC,2,5/21/20,0,3,0,3,3,3,,,183,
D8222_R1_P472_A,selfedC,2,6/4/20,1,0,0,1,0,0,,,197,
D8222_R1_P541_A,selfedC,1,3/3/20,0,0,0,0,0,0,,,104,
D8222_R1_P541_A,selfedC,1,3/17/20,0,0,2,2,4,4,,,118,
D8222_R1_P541_A,selfedC,1,4/2/20,1,0,0,1,0,0,,,134,
D8222_R1_P541_A,selfedC,1,4/16/20,1,0,0,1,0,0,,,148,
D8222_R1_P541_A,selfedC,1,5/21/20,0,0,0,0,0,0,1,,183,"low numbers, struggling"
D8222_R1_P541_A,selfedC,2,4/9/20,2,0,5,7,10,10,,,141,
D8222_R1_P541_A,selfedC,2,4/23/20,0,0,0,0,0,0,,,155,
D8222_R1_P541_A,selfedC,2,5/7/20,1,0,0,1,0,0,,,169,
D8222_R1_P631_A,selfedC,1,2/28/20,0,0,3,3,6,6,,,100,
D8222_R1_P631_A,selfedC,1,3/11/20,0,0,6,6,12,12,,,112,
D8222_R1_P631_A,selfedC,1,3/26/20,3,0,0,3,0,0,,,127,
D8222_R1_P631_A,selfedC,1,4/9/20,3,0,0,3,0,0,,,141,
D8222_R1_P631_A,selfedC,1,4/23/20,0,0,0,0,0,0,,,155,
D8222_R1_P631_A,selfedC,1,5/7/20,0,0,0,0,0,0,1,,169,"low numbers, struggling"
D8222_R1_P631_A,selfedC,2,4/9/20,0,0,4,4,8,8,,,141,
D8222_R1_P631_A,selfedC,2,4/23/20,1,0,0,1,0,0,,,155,
D8222_R1_P631_A,selfedC,2,5/7/20,0,0,1,1,2,2,,,169,
D8222_R1_P631_A,selfedC,2,5/21/20,0,0,1,1,2,2,,,183,
D8222_R1_P631_A,selfedC,2,6/4/20,0,0,0,0,0,0,1,,197,"low numbers, struggling"
D8222_R1_P701_A,selfedC,1,4/9/20,2,0,3,5,6,6,,,141,
D8222_R1_P701_A,selfedC,1,4/23/20,0,0,4,4,8,8,,,155,
D8222_R1_P701_A,selfedC,1,5/7/20,2,1,8,11,17,17,,,169,
D8222_R1_P701_A,selfedC,1,5/21/20,1,0,5,6,10,10,,,183,
D8222_R1_P701_A,selfedC,1,6/4/20,0,3,0,3,3,3,,,197,
D8222_R1_P716_A,selfedC,1,4/9/20,0,0,1,1,2,2,,,141,
D8222_R1_P716_A,selfedC,1,4/23/20,0,0,3,3,6,6,,,155,
D8222_R1_P716_A,selfedC,1,5/7/20,1,0,0,1,0,0,,,169,
D8222_R1_P716_A,selfedC,1,5/21/20,0,0,0,0,0,0,1,,183,numbers a bit low
D8222_R1_P716_A,selfedC,1,6/4/20,0,0,0,0,0,0,1,,197,numbers a bit low
D8222_R2_P156_A,selfedC,1,4/9/20,0,0,0,0,0,0,,,141,
D8222_R2_P156_A,selfedC,1,4/23/20,0,0,6,6,12,12,,,155,
D8222_R2_P156_A,selfedC,1,5/7/20,0,0,5,5,10,10,,,169,
D8222_R2_P156_A,selfedC,1,5/21/20,0,0,1,1,2,2,,,183,
D8349,A,A,11/20/19,0,0,0,0,0,0,,1,0,
D8349,A,A,12/10/19,2,0,1,3,2,2,,1,20,
D8349,A,A,12/30/19,4,0,0,4,0,0,,1,40,
D8349,A,A,1/16/20,0,0,0,0,0,0,,1,57,
D8349,A,A,1/29/20,8,0,0,8,0,0,,1,70,
D8349,A,A,2/4/20,0,0,0,0,0,0,,1,76,
D8349,A,A,3/5/20,1,0,1,2,2,2,,,106,
D8349,A,A,3/20/20,1,1,1,3,3,3,,,121,
D8349,A,A,4/2/20,1,0,0,1,0,0,,,134,
D8349,A,A,4/16/20,1,0,0,1,0,0,,,148,
D8349,A,A,4/30/20,0,0,0,0,0,0,,,162,
D8349,A,A,5/14/20,0,0,1,1,2,2,,,176,
D8349,A,A,5/28/20,0,0,0,0,0,0,,,190,
D8349,A,B,11/20/19,0,0,0,0,0,0,,1,0,
D8349,A,B,12/10/19,0,0,0,0,0,0,,1,20,
D8349,A,B,12/30/19,0,0,0,0,0,0,,1,40,
D8349,A,B,1/16/20,0,0,0,0,0,0,,1,57,
D8349,A,B,1/29/20,4,0,0,4,0,0,,1,70,
D8349,A,B,2/4/20,3,0,0,3,0,0,,1,76,
D8349,A,B,3/5/20,3,2,0,5,2,2,,,106,
D8349,A,B,3/20/20,4,0,0,4,0,0,,,121,
D8349,A,B,4/16/20,1,0,0,1,0,0,,,148,
D8349,A,B,4/23/20,2,0,0,2,0,0,,,155,
D8349,A,B,4/30/20,2,0,0,2,0,0,,,162,
D8349,A,B,5/14/20,1,0,0,1,0,0,,,176,
D8349,A,B,5/28/20,3,0,0,3,0,0,,,190,
D8349,A,C,12/13/19,2,0,0,2,0,0,,1,23,
D8349,A,C,12/30/19,8,1,0,9,1,1,,1,40,
D8349,A,C,1/8/20,0,0,0,0,0,0,,1,49,
D8349,A,C,1/24/20,2,0,0,2,0,0,,1,65,
D8349,A,C,2/6/20,3,0,0,3,0,0,,1,78,
D8349,A,C,3/2/20,0,0,0,0,0,0,,,103,
D8349,A,C,3/19/20,3,0,0,3,0,0,,,120,
D8349,A,C,3/26/20,0,0,0,0,0,0,,,127,
D8349,A,C,4/2/20,3,0,0,3,0,0,,,134,
D8349,A,C,4/9/20,0,0,0,0,0,0,,,141,
D8349,A,C,4/23/20,0,0,0,0,0,0,,,155,
D8349,A,C,5/7/20,1,0,0,1,0,0,,,169,
D8349,A,C,5/21/20,0,0,0,0,0,0,,,183,
D8349,A,D,12/13/19,9,0,0,9,0,0,,1,23,
D8349,A,D,12/30/19,0,0,0,0,0,0,,1,40,
D8349,A,D,1/8/20,0,0,0,0,0,0,,1,49,
D8349,A,D,1/24/20,6,0,0,6,0,0,,1,65,
D8349,A,D,2/6/20,1,0,0,1,0,0,,1,78,
D8349,A,D,3/2/20,2,0,0,2,0,0,,,103,
D8349,A,D,3/19/20,0,0,2,2,4,4,,,120,
D8349,A,D,3/26/20,0,0,0,0,0,0,,,127,
D8349,A,D,4/9/20,0,0,0,0,0,0,,,141,
D8349,A,D,4/23/20,0,0,0,0,0,0,,,155,
D8349,A,D,5/7/20,0,0,0,0,0,0,,,169,
D8349,A,D,5/21/20,0,0,0,0,0,0,,,183,
D8349,A,D,6/4/20,2,0,0,2,0,0,,,197,
D8349,A,E,12/13/19,3,0,0,3,0,0,,1,23,
D8349,A,E,12/30/19,0,0,0,0,0,0,,1,40,
D8349,A,E,1/8/20,0,0,0,0,0,0,,1,49,
D8349,A,E,1/24/20,2,0,0,2,0,0,,1,65,
D8349,A,E,2/6/20,3,0,0,3,0,0,,1,78,
D8349,A,E,3/2/20,0,1,0,1,1,1,,,103,
D8349,A,E,3/19/20,7,0,0,7,0,0,,,120,
D8349,A,E,3/26/20,5,0,0,5,0,0,,,127,
D8349,A,E,4/9/20,1,0,0,1,0,0,,,141,
D8349,A,E,5/7/20,0,0,0,0,0,0,,,169,
D8349,A,E,5/21/20,0,0,0,0,0,0,,,183,
D8349,A,E,6/4/20,0,0,0,0,0,0,,,197,
D8349,A,sum,12/3/19,20,0,0,20,0,0,,1,13,
D8515,C,A,11/20/19,0,1,10,11,21,21,,1,0,
D8515,C,A,12/10/19,0,3,22,25,47,47,,1,20,
D8515,C,A,12/30/19,0,0,0,0,0,0,,1,40,
D8515,C,A,1/16/20,0,0,3,3,6,6,,1,57,
D8515,C,A,1/29/20,0,0,11,11,22,22,,1,70,
D8515,C,A,2/4/20,0,0,10,10,20,20,,1,76,
D8515,C,A,3/5/20,0,0,1,1,2,2,,,106,
D8515,C,A,3/20/20,1,0,2,3,4,4,,,121,
D8515,C,A,4/2/20,1,1,4,6,9,9,,,134,
D8515,C,A,4/16/20,0,0,2,2,4,4,,,148,
D8515,C,A,4/30/20,1,0,9,10,18,18,,,162,
D8515,C,A,5/14/20,0,0,6,6,12,12,,,176,
D8515,C,A,5/28/20,0,0,2,2,4,4,,,190,
D8515,C,B,11/20/19,0,0,0,0,0,0,,1,0,
D8515,C,B,12/10/19,2,0,12,14,24,24,,1,20,
D8515,C,B,12/30/19,0,0,0,0,0,0,,1,40,
D8515,C,B,1/16/20,0,0,0,0,0,0,,1,57,
D8515,C,B,1/29/20,0,0,8,8,16,16,,1,70,
D8515,C,B,2/4/20,0,0,4,4,8,8,,1,76,
D8515,C,B,3/5/20,0,0,3,3,6,6,,,106,
D8515,C,B,3/20/20,0,2,13,15,28,28,,,121,
D8515,C,B,4/2/20,2,0,0,2,0,0,,,134,
D8515,C,B,4/16/20,0,0,1,1,2,2,,,148,
D8515,C,B,4/30/20,0,0,1,1,2,2,,,162,
D8515,C,B,5/14/20,1,0,4,5,8,8,,,176,
D8515,C,B,5/28/20,0,0,1,1,2,2,,,190,
D8515,C,C,11/20/19,3,2,6,11,14,14,,1,0,
D8515,C,C,12/10/19,1,0,10,11,20,20,,1,20,
D8515,C,C,12/30/19,0,0,0,0,0,0,,1,40,
D8515,C,C,1/16/20,0,0,7,7,14,14,,1,57,
D8515,C,C,1/29/20,0,0,0,0,0,0,,1,70,
D8515,C,C,2/4/20,0,1,0,1,1,1,,1,76,
D8515,C,C,3/5/20,0,0,0,0,0,0,,,106,
D8515,C,C,3/5/20,0,0,0,0,0,0,,,106,
D8515,C,C,3/20/20,0,0,2,2,4,4,,,121,
D8515,C,C,4/2/20,0,0,1,1,2,2,,,134,
D8515,C,C,4/16/20,0,0,5,5,10,10,,,148,
D8515,C,C,4/30/20,1,0,14,15,28,28,,,162,
D8515,C,C,5/14/20,0,1,0,1,1,1,,,176,
D8515,C,C,5/28/20,0,0,0,0,0,0,,,190,
D8515,C,D,12/13/19,0,0,2,2,4,4,,1,23,
D8515,C,D,12/30/19,0,0,4,4,8,8,,1,40,
D8515,C,D,1/8/20,4,1,4,9,9,9,,1,49,
D8515,C,D,1/24/20,2,1,5,8,11,11,,1,65,
D8515,C,D,2/6/20,1,0,9,10,18,18,,1,78,
D8515,C,D,3/2/20,0,0,1,1,2,2,,,103,
D8515,C,D,3/19/20,0,0,1,1,2,2,,,120,
D8515,C,D,3/26/20,1,0,2,3,4,4,,,127,
D8515,C,D,4/9/20,0,1,1,2,3,3,,,141,
D8515,C,D,4/23/20,0,0,7,7,14,14,,,155,
D8515,C,D,5/7/20,0,0,4,4,8,8,,,169,
D8515,C,D,5/21/20,0,0,3,3,6,6,,,183,
D8515,C,D,6/4/20,0,0,4,4,8,8,,,197,
D8515,C,E,12/13/19,1,0,2,3,4,4,,1,23,
D8515,C,E,12/30/19,2,1,3,6,7,7,,1,40,
D8515,C,E,1/8/20,2,2,3,7,8,8,,1,49,
D8515,C,E,1/24/20,0,0,8,8,16,16,,1,65,
D8515,C,E,2/6/20,0,0,7,7,14,14,,1,78,
D8515,C,E,3/2/20,0,0,6,6,12,12,,,103,
D8515,C,E,3/20/20,1,0,6,7,12,12,,,121,
D8515,C,E,3/26/20,0,0,1,1,2,2,,,127,
D8515,C,E,4/9/20,0,0,0,0,0,0,,,141,
D8515,C,E,4/23/20,0,0,2,2,4,4,,,155,
D8515,C,E,5/7/20,1,1,0,2,1,1,,,169,
D8515,C,E,5/21/20,0,0,8,8,16,16,,,183,
D8515,C,E,6/4/20,0,0,0,0,0,0,,,197,
D8515,C,sum,12/3/19,2,1,4,7,9,9,,1,13,
D8515_R2_P220_B,selfedC,1,4/9/20,0,0,0,0,0,0,,,141,
D8515_R2_P220_B,selfedC,1,4/23/20,0,0,2,2,4,4,,,155,
D8515_R2_P220_B,selfedC,1,5/7/20,0,0,0,0,0,0,,,169,
D8515_R2_P220_B,selfedC,1,5/21/20,1,0,0,1,0,0,,,183,
D8515_R2_P220_B,selfedC,1,6/4/20,1,0,0,1,0,0,,,197,
D8515_R2_P337_B,selfedC,1,4/9/20,4,0,3,7,6,6,,,141,
D8515_R2_P337_B,selfedC,1,4/23/20,0,0,2,2,4,4,,,155,
D8515_R2_P337_B,selfedC,1,5/7/20,0,0,3,3,6,6,,,169,
D8515_R2_P337_B,selfedC,1,5/21/20,0,0,1,1,2,2,,,183,
D8515_R2_P337_B,selfedC,1,6/4/20,0,0,0,0,0,0,,,197,
DBunk18005,Dbunk,A,12/13/19,0,0,0,0,0,0,,1,23,
DBunk18005,Dbunk,A,12/30/19,0,0,0,0,0,0,,1,40,
DBunk18005,Dbunk,A,1/8/20,0,0,0,0,0,0,,1,49,
DBunk18005,Dbunk,A,1/16/20,15,0,0,15,0,0,,1,57,
DBunk18005,Dbunk,A,1/29/20,3,0,2,5,4,4,,1,70,
DBunk18005,Dbunk,A,2/6/20,0,0,1,1,2,2,,1,78,
DBunk18005,Dbunk,A,2/17/20,0,0,0,0,0,0,,,89,
DBunk18005,Dbunk,A,2/27/20,2,0,0,2,0,0,,,99,
DBunk18005,Dbunk,A,3/11/20,0,0,18,18,36,36,,,112,
DBunk18005,Dbunk,A,3/20/20,0,0,4,4,8,8,,,121,
DBunk18005,Dbunk,A,4/2/20,4,0,0,4,0,0,,,134,
DBunk18005,Dbunk,A,4/16/20,4,0,1,5,2,2,,,148,
DBunk18005,Dbunk,A,4/30/20,0,0,10,10,20,20,,,162,
DBunk18005,Dbunk,A,5/14/20,1,0,5,6,10,10,,,176,
DBunk18005,Dbunk,B,12/13/19,0,0,0,0,0,0,,1,23,
DBunk18005,Dbunk,B,12/30/19,2,0,1,3,2,2,,1,40,
DBunk18005,Dbunk,B,1/8/20,0,0,6,6,12,12,,1,49,
DBunk18005,Dbunk,B,1/16/20,11,1,1,13,3,3,,1,57,
DBunk18005,Dbunk,B,1/29/20,1,0,3,4,6,6,,1,70,
DBunk18005,Dbunk,B,2/6/20,0,0,1,1,2,2,,1,78,
DBunk18005,Dbunk,B,2/17/20,5,0,7,12,14,14,,,89,
DBunk18005,Dbunk,B,2/27/20,0,0,1,1,2,2,,,99,
DBunk18005,Dbunk,B,3/11/20,0,0,18,18,36,36,,,112,
DBunk18005,Dbunk,B,3/20/20,0,0,3,3,6,6,,,121,
DBunk18005,Dbunk,B,4/2/20,7,0,5,12,10,10,,,134,
DBunk18005,Dbunk,B,4/30/20,2,0,5,7,10,10,,,162,
DBunk18005,Dbunk,B,5/14/20,0,0,7,7,14,14,,,176,
DBunk18005,Dbunk,B,5/28/20,0,0,7,7,14,14,,,190,
DBunk18005,Dbunk,sum,12/4/19,18,0,0,18,0,0,,1,14,
DCat18004,DCat_OO,A,12/13/19,7,0,0,7,0,0,,1,23,
DCat18004,DCat_OO,A,12/30/19,1,1,6,8,13,13,,1,40,
DCat18004,DCat_OO,A,1/8/20,0,0,0,0,0,0,,1,49,
DCat18004,DCat_OO,A,1/16/20,11,0,1,12,2,2,,1,57,
DCat18004,DCat_OO,A,1/29/20,0,0,20,20,40,40,,1,70,
DCat18004,DCat_OO,A,2/6/20,4,0,1,5,2,2,,1,78,
DCat18004,DCat_OO,A,2/17/20,4,0,0,4,0,0,,,89,
DCat18004,DCat_OO,A,2/27/20,1,1,1,3,3,3,,,99,
DCat18004,DCat_OO,A,3/11/20,9,1,11,21,23,23,,,112,
DCat18004,DCat_OO,A,3/20/20,0,0,2,2,4,4,,,121,
DCat18004,DCat_OO,A,4/2/20,0,0,11,11,22,22,,,134,
DCat18004,DCat_OO,A,4/16/20,0,0,2,2,4,4,,,148,
DCat18004,DCat_OO,A,4/30/20,0,0,1,1,2,2,,,162,
DCat18004,DCat_OO,A,5/14/20,3,0,0,3,0,0,,,176,
DCat18004,DCat_OO,A,5/28/20,4,0,0,4,0,0,,,190,
DCat18004,DCat_OO,B,12/13/19,4,0,0,4,0,0,,1,23,
DCat18004,DCat_OO,B,12/30/19,1,1,10,12,21,21,,1,40,
DCat18004,DCat_OO,B,1/8/20,5,1,1,7,3,3,,1,49,
DCat18004,DCat_OO,B,1/16/20,12,0,0,12,0,0,,1,57,
DCat18004,DCat_OO,B,1/29/20,16,0,0,16,0,0,,1,70,
DCat18004,DCat_OO,B,2/6/20,0,0,15,15,30,30,,1,78,
DCat18004,DCat_OO,B,2/17/20,0,0,2,2,4,4,,,89,
DCat18004,DCat_OO,B,2/27/20,0,2,14,16,30,30,,,99,
DCat18004,DCat_OO,B,3/11/20,6,0,2,8,4,4,,,112,
DCat18004,DCat_OO,B,3/20/20,0,0,3,3,6,6,,,121,
DCat18004,DCat_OO,B,4/2/20,13,0,0,13,0,0,,,134,
DCat18004,DCat_OO,B,4/16/20,3,0,0,3,0,0,,,148,
DCat18004,DCat_OO,B,4/30/20,2,0,0,2,0,0,,,162,
DCat18004,DCat_OO,B,5/14/20,1,0,0,1,0,0,,,176,
DCat18004,DCat_OO,B,5/28/20,0,0,0,0,0,0,,,190,
DCat18004,DCat_OO,C,12/13/19,0,0,0,0,0,0,,1,23,
DCat18004,DCat_OO,C,12/30/19,9,0,0,9,0,0,,1,40,
DCat18004,DCat_OO,C,1/8/20,5,0,0,5,0,0,,1,49,
DCat18004,DCat_OO,C,1/16/20,15,0,0,15,0,0,,1,57,
DCat18004,DCat_OO,C,1/29/20,15,0,4,19,8,8,,1,70,
DCat18004,DCat_OO,C,2/6/20,14,0,0,14,0,0,,1,78,
DCat18004,DCat_OO,C,2/17/20,6,1,7,14,15,15,,,89,
DCat18004,DCat_OO,C,2/27/20,0,0,2,2,4,4,,,99,
DCat18004,DCat_OO,C,3/11/20,16,0,0,16,0,0,,,112,
DCat18004,DCat_OO,C,3/20/20,2,0,3,5,6,6,,,121,
DCat18004,DCat_OO,C,4/2/20,0,1,8,9,17,17,,,134,
DCat18004,DCat_OO,C,4/16/20,1,1,6,8,13,13,,,148,
DCat18004,DCat_OO,C,4/30/20,2,2,8,12,18,18,,,162,
DCat18004,DCat_OO,C,5/14/20,2,1,1,4,3,3,,,176,
DCat18004,DCat_OO,C,5/28/20,0,0,4,4,8,8,,,190,
DCat18004,DCat_OO,sum,12/4/19,20,0,2,22,4,4,,1,14,
DCat18006,DCat_B,1,3/4/20,0,0,0,0,0,0,,,105,
DCat18006,DCat_B,1,3/17/20,0,0,0,0,0,0,,,118,
DCat18006,DCat_B,1,4/2/20,0,0,0,0,0,0,,,134,
DCat18006,DCat_B,1,4/16/20,0,0,0,0,0,0,,,148,
DCat18006,DCat_B,1,4/30/20,0,0,0,0,0,0,,,162,
DCat18006,DCat_B,1,5/14/20,0,0,0,0,0,0,,,176,
DCat18006,DCat_B,1,5/28/20,0,0,0,0,0,0,,,190,
DCat18017,DCat_B,1,3/11/20,1,0,0,1,0,0,,,112,
DCat18017,DCat_B,1,3/17/20,0,0,0,0,0,0,,,118,
DCat18017,DCat_B,1,4/2/20,1,0,0,1,0,0,,,134,
DCat18017,DCat_B,1,4/16/20,0,0,0,0,0,0,,,148,
DCat18017,DCat_B,1,4/30/20,0,0,0,0,0,0,,,162,
DCat18017,DCat_B,1,5/14/20,0,0,0,0,0,0,,,176,
DCat18017,DCat_B,1,5/28/20,0,0,0,0,0,0,,,190,
DCat18031,DCat_OO,1,3/11/20,1,0,0,1,0,0,,,112,
DCat18031,DCat_OO,1,3/17/20,1,0,0,1,0,0,,,118,
DCat18031,DCat_OO,1,4/2/20,0,0,0,0,0,0,,,134,
DCat18033,DCat_B,1,3/11/20,0,1,0,1,1,1,,,112,
DCat18033,DCat_B,1,3/17/20,0,0,0,0,0,0,,,118,
DCat18033,DCat_B,1,4/2/20,0,0,0,0,0,0,,,134,
DCat18033,DCat_B,1,4/16/20,0,0,0,0,0,0,,,148,
DCat18033,DCat_B,1,4/30/20,0,0,0,0,0,0,,,162,
DCat18033,DCat_B,1,5/14/20,0,0,0,0,0,0,,,176,
DCat18033,DCat_B,1,5/28/20,0,0,0,0,0,0,,,190,
DCat18040,DCat_B,1,3/11/20,1,0,1,2,2,2,,,112,
DCat18040,DCat_B,1,3/17/20,0,0,0,0,0,0,,,118,
DCat18040,DCat_B,1,4/2/20,0,0,0,0,0,0,,,134,
DCat18040,DCat_B,1,4/16/20,0,0,0,0,0,0,,,148,
DCat18040,DCat_B,1,4/30/20,0,0,0,0,0,0,,,162,
DCat18040,DCat_B,1,5/14/20,0,0,0,0,0,0,,,176,
DCat18040,DCat_B,1,5/28/20,0,0,0,0,0,0,,,190,
DCat18042,DCat_B,1,3/4/20,0,0,0,0,0,0,,,105,
DCat18042,DCat_B,1,3/17/20,2,0,0,2,0,0,,,118,
DCat18042,DCat_B,1,4/2/20,0,0,0,0,0,0,,,134,
DCat18042,DCat_B,1,4/16/20,0,0,0,0,0,0,,,148,
DCat18042,DCat_B,1,4/30/20,0,0,0,0,0,0,,,162,
DCat18042,DCat_B,1,5/14/20,0,0,0,0,0,0,,,176,
DCat18042,DCat_B,1,5/28/20,0,0,0,0,0,0,,,190,
DCat18047,DCat_B,1,3/11/20,1,0,0,1,0,0,,,112,
DCat18047,DCat_B,1,3/17/20,0,0,0,0,0,0,,,118,
DCat18047,DCat_B,1,4/2/20,0,0,0,0,0,0,,,134,
DCat18047,DCat_B,1,4/16/20,0,0,0,0,0,0,,,148,
DCat18047,DCat_B,1,4/30/20,0,0,0,0,0,0,,,162,
DCat18047,DCat_B,1,5/14/20,0,0,0,0,0,0,,,176,
DCat18047,DCat_B,1,5/28/20,0,0,0,0,0,0,,,190,
DCat18048,DCat_B,1,3/11/20,0,0,2,2,4,4,,,112,
DCat18048,DCat_B,1,3/17/20,0,0,0,0,0,0,,,118,
DCat18048,DCat_B,1,4/2/20,0,0,0,0,0,0,,,134,
DCat18048,DCat_B,1,4/16/20,1,0,0,1,0,0,,,148,
DCat18048,DCat_B,1,4/30/20,0,0,0,0,0,0,,,162,
DCat18048,DCat_B,1,5/14/20,0,0,1,1,2,2,,,176,
DCat18048,DCat_B,1,5/28/20,0,0,0,0,0,0,,,190,